id,name,salary
1,Elvyn Seton,1190
2,Bertrando Sheal,1114
3,Korry Naisbit,1035
4,Jeannette Ledington,1100
5,Arabela Pepys,1198
6,Damiano Bemand,1018
7,Erek Woodfine,1179
8,Michell Fetterplace,1004
9,Ethel Bellringer,1195
10,Keane St. Paul,1212
11,Urbano Mapplethorpe,1124
12,Charles Maevela,1047
13,Leonhard Dalgliesh,1233
14,Junette Shouler,1011
15,Florence Cluckie,1137
16,Codie Elgey,1208
17,Floris Smallpeice,1234
18,Ody Vassel,1211
19,Sol Coundley,1117
20,Germana Swalwell,1228
21,Em Woodbridge,1110
22,Darbee Orknay,1086
23,Alla Fallon,1166
24,Allister Arniz,1019
25,Klara Danihelka,1085
26,Menard Hexham,1234
27,Reider Rimes,1138
28,Suzanna Trask,1232
29,Dagmar McCloy,1112
30,Tiertza Wildbore,1120
31,Benjamin Kenrat,1167
32,Lucas Forward,1211
33,Marcos Porcas,1147
34,Alec Ebbrell,1062
35,Maryanna Braiden,1138
36,Davis Caston,1153
37,Prue Deniskevich,1177
38,Gnni Verny,1072
39,Fidelia Heck,1188
40,Ellerey Fownes,1111
41,Rebekah Stollberg,1152
42,Jess Budden,1083
43,Ryley Durrell,1190
44,Theresina Frosch,1044
45,Ara Hamber,1048
46,Talyah Spurdon,1205
47,Shalne Jakubowsky,1039
48,Cicily Twydell,1032
49,Giusto Vashchenko,1158
50,Nona Bordis,1065
51,Nels Bennallck,1211
52,Robyn Delacote,1068
53,Idelle Garber,1093
54,Anallise Haslock(e),1195
55,Odo Cominotti,1114
56,Laney Velez,1037
57,Clary Itzakovitz,1121
58,Ardelle Strathman,1050
59,Abagail Junkin,1173
60,Myrwyn Domerque,1064
61,Andriette Breydin,1233
62,Aron Desbrow,1026
63,Andreana Vynarde,1161
64,Pris Blunt,1030
65,Whit Bigadike,1128
66,Alikee Winterflood,1012
67,Tamas Worsfield,1172
68,Leigh Sworn,1091
69,Vannie Lovekin,1212
70,Emogene Children,1176
71,Ambrose Hinks,1040
72,Conni Kunz,1164
73,Chandler Eatherton,1212
74,Hermine Duell,1194
75,Elmore Hammerson,1084
76,Nikolai Beckles,1164
77,Gloriane Tytherton,1030
78,Julius Paxman,1138
79,Goddard Ramstead,1076
80,Herschel Fleay,1164
81,Teodoor Knibley,1204
82,Gavin Brotherhood,1209
83,Marcellus Joust,1184
84,Holly-anne Silbermann,1148
85,Sergio Brinkman,1233
86,Kaye Stilgoe,1116
87,Theodosia Schoenfisch,1179
88,Toddie Buttrick,1027
89,Rodge Lieber,1079
90,Graham Jon,1138
91,Marianne Poley,1067
92,Nikolas Henricsson,1100
93,Marco Crudginton,1147
94,Pebrook Billson,1045
95,Seamus Revie,1041
96,Cyndie Ludy,1076
97,De Debrick,1144
98,Itch Bruntje,1225
99,Annissa Skaid,1005
100,Tess Loiterton,1054
101,Sashenka Pickthorne,1219
102,Pia McKern,1110
103,Carroll Harlock,1100
104,Tedda Ivchenko,1193
105,Herman Carncross,1001
106,Rurik Champneys,1101
107,Hermia Bark,1191
108,Vinson Robbert,1069
109,Elias Housen,1133
110,Gretchen Radsdale,1041
111,Valera Tilburn,1222
112,Pepe Greenrod,1173
113,Sutherlan Rosser,1189
114,Preston Farlane,1010
115,Anica Kenyon,1037
116,Oren Dengel,1117
117,Francoise Notman,1115
118,Catarina Livoir,1082
119,Delcina Melburg,1164
120,Claudia Von Welden,1165
121,Beryle Crabtree,1181
122,Ninetta Rought,1166
123,Conni Birkmyr,1216
124,Darsey Overstone,1197
125,Logan Faccini,1078
126,Helga Todaro,1183
127,Mitchell Anfrey,1024
128,Katherine Lidgey,1222
129,Antonina Menis,1118
130,Gianina Stemp,1124
131,Cassie Blucher,1099
132,Dulcinea Ascraft,1132
133,Garwood Arr,1155
134,Elston Buncombe,1105
135,Gus Duffell,1162
136,Sheff Trowell,1047
137,Marrissa Feasley,1062
138,Nicky Lidgett,1092
139,Jodi Rowcastle,1094
140,Doralia Simmell,1119
141,Melly Ponting,1155
142,Bil Falconer-Taylor,1084
143,Gav Drury,1024
144,Orlan Durnall,1148
145,Isis Howgill,1171
146,Ferne Stollenbecker,1174
147,Coretta Ellaway,1148
148,Abbey Rickertsen,1193
149,Quent Beaty,1091
150,Milton Flemyng,1076
151,Franny Forsyde,1228
152,Fitzgerald Hambrook,1003
153,Emmy Scheffel,1093
154,Bobette MacBarron,1073
155,Samaria Janodet,1158
156,Virgie Proudler,1040
157,Eba Cayton,1008
158,Emmey Barbary,1188
159,Darsey Gobolos,1180
160,Edlin Leonard,1089
161,Bartholomeo Roscrigg,1030
162,Jacinda Nare,1154
163,Peyton Facey,1079
164,Ernestus Dysart,1085
165,Avril Pamphilon,1124
166,Tedie Swenson,1103
167,Dolph Perview,1118
168,Tate Hyne,1076
169,Stillman Scambler,1146
170,Odella Cartwight,1085
171,Thedric Cradick,1020
172,Nari Pauncefort,1203
173,Sandor Ripsher,1094
174,Johnette Sims,1144
175,Dillon Brewood,1023
176,Jacquette Lumox,1050
177,Nickie Dewdney,1097
178,Tessi Francey,1153
179,Elenore Southerell,1062
180,Melany Cradey,1131
181,Lydia Newport,1149
182,Petronella Piwall,1145
183,Kellen Behrend,1091
184,Faydra Kingsland,1077
185,Bern Bentley,1195
186,Devan Bushby,1157
187,Red Oehme,1127
188,Griselda Frobisher,1148
189,Corella Menere,1077
190,Tirrell Lemmon,1115
191,Sully Pond-Jones,1165
192,Forster Castilljo,1172
193,Nichol Jendrys,1214
194,Bartel Barlow,1034
195,Winston Schott,1054
196,Siegfried Lockey,1208
197,Alain Pointon,1203
198,Ber Toller,1017
199,Charmion Van Der Weedenburg,1183
200,Estelle Tock,1183
201,Sadie Mutton,1070
202,Chelsey Baudinelli,1058
203,Annalise Hawkeridge,1152
204,Bearnard Pentin,1224
205,Cy Sherry,1221
206,Filippo Sancraft,1039
207,Heidie Jumeau,1113
208,Leontine McMonies,1082
209,Mureil Kefford,1036
210,Prissie Blackhall,1081
211,Alana Hadny,1170
212,Pernell Storres,1228
213,Rhianon Mardling,1146
214,Leila Korneichik,1176
215,Angie Korfmann,1159
216,Alfy Gadsden,1018
217,Leonidas Ferraraccio,1080
218,Dody Tiesman,1031
219,Aleen Adam,1185
220,Brendon Feron,1230
221,Xylia Deex,1189
222,Leora Wiggam,1045
223,Ellyn Denzey,1050
224,Nata Llorens,1073
225,Skelly Luff,1040
226,Sheree Mattiuzzi,1040
227,Ortensia Rashleigh,1158
228,Janey Grayley,1014
229,Aime Bodicum,1129
230,Johann Ivanichev,1049
231,Selig MacAndrew,1063
232,Sullivan Halleday,1142
233,Doreen Ockenden,1076
234,Ignace Maund,1069
235,Heath Penk,1173
236,Keven Lovekin,1066
237,Roxine Honnan,1230
238,Koo Greydon,1125
239,Sheridan Cicutto,1224
240,Kingston Miner,1218
241,Bertie Kanwell,1187
242,Harlene Dallman,1132
243,Bryna Bembrick,1126
244,Olenka Goucher,1074
245,Allison Floris,1203
246,Prent Mainds,1155
247,Camellia Rooms,1099
248,Sigfrid Carrol,1043
249,Elspeth Esland,1157
250,Talyah Whybray,1019
251,Cassie Daniely,1046
252,Grace Theuss,1134
253,Iago Hallett,1129
254,Udell Kemmer,1015
255,Brigitte Streetfield,1215
256,Devonna Charrisson,1148
257,Augusta Thuillier,1211
258,Cindee MacGeaney,1165
259,Filide Woan,1229
260,Abey Verrico,1222
261,Haleigh Reeds,1004
262,Candida Moy,1005
263,Marlon Lorrain,1037
264,Selinda Lackmann,1037
265,Ketty Suero,1135
266,Morissa Pisculli,1222
267,Marijo Quinnell,1088
268,Land Rosentholer,1160
269,Della Jovasevic,1103
270,Helenka Kinnane,1018
271,Kipper Le feaver,1130
272,Teodoor Andrichuk,1153
273,Arv Gregori,1044
274,Guglielma McKeney,1010
275,Patrice Brough,1203
276,Gibb Mallion,1161
277,Pammie Lebreton,1102
278,Dayle Brookz,1082
279,Holly Shorter,1140
280,Livvyy Kirtland,1188
281,Benetta Beves,1122
282,Shelley Fetherby,1233
283,Salomi Feige,1156
284,Grannie Bier,1181
285,Wallache Momford,1074
286,Sherline Gilstin,1070
287,Ivy Marchington,1102
288,Rayshell Risley,1225
289,Cullan Handsheart,1061
290,Loni Curme,3000
291,Harlan Donoher,1015
292,Rockie Deplacido,1097
293,Rivi Breeton,1197
294,Taryn Blinder,1213
295,Hailee Hinckes,1134
296,Lodovico Petrusch,1045
297,Harper Nyssens,1071
298,Blondelle Gowan,1185
299,Birgit Haker,1107
300,Allis Brewster,1027
301,Sara Levins,1193
302,Ruthi Gatchell,1127
303,Gabriel Guidotti,1006
304,Ann-marie Barnaclough,1046
305,Haskel Cretney,1122
306,Ernesta Issard,1079
307,Leanora Frisel,1171
308,Calli Doche,1085
309,Christabel Olivet,1042
310,Evelyn Mallion,1199
311,Yasmeen Cathery,1149
312,Mira Van Dijk,1002
313,Lorne Le Hucquet,1016
314,Misti Deakin,1014
315,Adrian MacSween,1073
316,Clemence Coffey,1095
317,Arlie Pafford,1188
318,Magnum Tomasino,1136
319,Katti Kezar,1063
320,Carlye Teulier,1216
321,Ginger Kalewe,1123
322,Cynthia Engeham,1066
323,Elsa Miell,1054
324,Dre Tandey,1185
325,Ernestine Fierman,1026
326,Forbes Float,1057
327,Rog Foggarty,1057
328,Davon Chazette,1145
329,Faith Penchen,1059
330,Sisely Iacavone,1200
331,Kylila Skim,1120
332,Susanetta Thaine,1072
333,Irwin Illyes,1014
334,Koren Arkwright,1211
335,Uriel Dubock,1214
336,Horten Boston,1209
337,Phylys Feedham,1115
338,Malina Derycot,1011
339,Lavina Newvill,1121
340,Jilly Hazle,1160
341,Anette Segar,1114
342,Salomi Dowthwaite,1036
343,Camala McManamon,1185
344,Hildy Folomin,1158
345,Annie Mynott,1097
346,Perrine Ahrenius,1173
347,Miguelita Menichelli,1079
348,Neils Meatcher,1161
349,Vivien Pickvance,1112
350,Gayleen Beddard,1116
351,Skyler O' Hogan,1103
352,Thoma Kolodziejski,1031
353,Charline Skipping,1219
354,Otis Peile,1067
355,Elicia Toma,1216
356,Shanan McLeoid,1164
357,Dasha Densell,1218
358,Catrina Meni,1226
359,Emelia Burnhard,1232
360,Arte Truelock,1191
361,Gail Boutell,1179
362,Sabine Larmett,1166
363,Sisely Chappelow,1012
364,Othilie Claricoates,1013
365,Edie Dirkin,1209
366,Codee Raspison,1068
367,Lorne Billam,1231
368,Devinne Splain,1090
369,Hewe Brockhouse,1054
370,Kath Batrip,1017
371,Saunders Vowels,1029
372,Rina Pridham,1068
373,Virgil Kerby,1042
374,Raff Munnings,1128
375,Aryn Petasch,1053
376,Inna Frederick,1203
377,Warner Toft,1207
378,Andrej Beardmore,1129
379,Yoko Keysel,1162
380,Madge Carcass,1215
381,Maddalena Bleyman,1084
382,Kasper Nouch,1127
383,Lauren Vigours,1179
384,Odelle Dowers,1086
385,Logan Grimm,1143
386,Gwen Smithies,1142
387,Flinn Fassbindler,1056
388,Cesya Rodda,1175
389,Dulcie Bartlomiej,1064
390,Ellissa Biddle,1206
391,Jessalyn Darington,1107
392,Mil Thrustle,1096
393,Viole McDool,1164
394,Ryann Jills,1043
395,Gracia Capewell,1083
396,Ken Snaith,1027
397,Brinn Davidde,1099
398,Blondy Brocks,1225
399,Wolfgang Yancey,1035
400,Ricky Swatheridge,1049
401,Marguerite Goullee,1225
402,Frants Corselles,1202
403,Roslyn Joiner,1213
404,Rosene Griffitts,1037
405,Darnall Lawtie,1066
406,Melisande Fitchet,1038
407,Dominik Eccleshare,1078
408,Bram Sor,1012
409,Genny Mecco,1002
410,Renell Allsopp,1066
411,Carry Hegarty,1076
412,Chickie Goodban,1033
413,Marthe Birchenhead,1073
414,Karl Wetwood,1213
415,Basilio Stannering,1115
416,Barris Fairfoot,1070
417,Joann Matton,1175
418,Vikki Moyce,1215
419,Emelen Toppes,1201
420,Linoel Pirozzi,1156
421,Pierrette Blampy,1046
422,Miguela Colt,1090
423,Emile Surgeoner,1168
424,Midge Mucci,1163
425,Valentine Collabine,1045
426,Klara Serle,1078
427,Aldwin Pardi,1008
428,Davidde Chaudron,1192
429,Coletta Rimington,1087
430,Oliy Seaking,1121
431,Niko Reyna,1003
432,Arabel Jerson,1143
433,Flynn Glennie,1070
434,Dorita Inchcomb,1037
435,Basilio Cloute,1144
436,Jocelyn Leggan,1007
437,Reinaldos Petrecz,1044
438,Joshuah Gleed,1011
439,Bordie Soal,1114
440,Abagail Maccree,1232
441,Jannelle Linley,1184
442,Cad O'Moylan,1091
443,Karyn Garvey,1070
444,Ginni Etheridge,1039
445,Darrelle Haistwell,1187
446,Vanessa Nibley,1054
447,Travis Duchant,1205
448,Beltran Coils,1094
449,Milli Dimmick,1020
450,Cathie Cail,1046
451,Elijah Ramsby,1123
452,Babbette Scaplehorn,1024
453,Shalne McSkeagan,1093
454,Geneva Bradbeer,1141
455,Forbes Liddard,1196
456,Muriel Dennerley,1021
457,Zarla Kinghorn,1185
458,Jeanne Drewson,1168
459,Vanessa Ormond,1122
460,Wyatt Robers,1151
461,Augusta Tomkys,1104
462,Franni Belly,1010
463,Luciana Shinton,1199
464,Eileen Janout,1097
465,Gabriella Shanks,1207
466,Alanna Guilford,1038
467,Nanni Ewbanke,1229
468,Livvy Hughes,1169
469,Hope Bootell,1139
470,Kristina Banister,1140
471,Yolande Nuzzti,1057
472,Calv Haspineall,1144
473,Eberhard O'Gavin,1174
474,Darius Binns,1136
475,Franklin Whitemarsh,1204
476,Elaine Gyles,1013
477,Olvan Caldecot,1103
478,Hilly Kellard,1110
479,Sarita Raynor,1044
480,Dorotea Jurries,1063
481,Chantalle Rosengart,1089
482,Niel Urwen,1141
483,Rebekah Broodes,1155
484,Gardener Aust,1136
485,Urbain Maiklem,1172
486,Tiebout Bater,1199
487,Berkeley Emmines,1097
488,Francene Densie,1205
489,Leeanne Trank,1158
490,Hanna Sitlington,1204
491,Nadine Ghirardi,1135
492,Vasilis Sawnwy,1230
493,Ynez Drewell,1215
494,Corrinne Grellier,1080
495,Barri Raymond,1178
496,Dud Poller,1114
497,Amye Godson,1095
498,Albie Aronstam,1103
499,Patrica Frantz,1233
500,Quinn Doughton,1153
501,Bryant Soall,1170
502,Ignacio O'Hern,1214
503,Dee dee Mariner,1003
504,Lorri Chaulk,1034
505,Noel Boarleyson,1128
506,Allina Rusbridge,1027
507,Emerson Brimmicombe,1043
508,Elie Schlagman,1151
509,Shaughn Oseland,1150
510,Evangeline Rubinshtein,1168
511,Mattheus Battison,1000
512,Wilbert Sarton,1023
513,Tamma Pidduck,1026
514,Eleanor Kirkhouse,1167
515,Torin Duckett,1035
516,Elfreda Marcombe,1104
517,Richardo Showalter,1066
518,Anni Eggleton,1002
519,Esmeralda Mulhill,1103
520,Justin Cockhill,1074
521,Katalin Loftie,1006
522,Chandler Crilley,1010
523,Charissa Adran,1153
524,Henderson Pass,1016
525,Wolf Jeeks,1182
526,Kilian Bartlomiej,1104
527,Leonore Varlow,1150
528,Anne Margram,1136
529,Bryon Cutford,1024
530,Ezmeralda Forrestill,1129
531,Danyelle McCaig,1087
532,Viv Cosford,1098
533,Donnie Bulcroft,1052
534,Dominga Gillions,1101
535,Elwood Byllam,1023
536,Randolph Grzegorczyk,1027
537,Adan Pedrocchi,1180
538,Rudolf Bengle,1074
539,Eadith Woollam,1067
540,Meagan Pearce,1036
541,Jasun Beuscher,1169
542,Moritz Fossey,1031
543,Archaimbaud Caudwell,1180
544,Idalina Wagon,1042
545,Elisa Bruce,1163
546,Chadwick Ateridge,1176
547,Minette Gluyus,1116
548,Kariotta Birdall,1049
549,Giacinta Wendover,1039
550,Carney Ogelsby,1083
551,Royce Paszek,1074
552,Britta Tunuy,1008
553,Neile Arkley,1193
554,Diana Semered,1216
555,Martita Vern,1203
556,Harlan Braunes,1111
557,Angel Lobell,1016
558,Tarrah Stichall,1120
559,Sergent Deverille,1089
560,Corie Stubbs,1114
561,Trueman Minnette,1153
562,Stacie Scarrisbrick,1002
563,Dacia Cayette,1227
564,Karita Lathleiff,1167
565,Dulcia Lardeux,1020
566,Malissa Sigart,1227
567,Prudi Seamons,1020
568,Nikolaos Caras,1074
569,Katherine Pickthorn,1189
570,Wilona Chittim,1118
571,Claudius Balasin,1088
572,Denise Karpenko,1099
573,Reamonn Adanet,1137
574,Randie Aberdeen,1216
575,Clea Shorie,1111
576,Tillie Angrave,1153
577,Sherlock Etuck,1182
578,Duky Parrett,1033
579,Sheena Roughley,1167
580,Brana Lithgow,1048
581,Storm Walster,1156
582,Julina Normanville,1205
583,Jerome O' Shea,1000
584,Parnell Banghe,1094
585,Morena Lapping,1085
586,Corrianne Peret,1141
587,Reine Gilliatt,1124
588,Walden Froment,1128
589,Kanya Roll,1037
590,Doreen Kopps,1084
591,Florance McCunn,1123
592,Thaddeus Pattle,1122
593,Madalena Habbert,1038
594,Bibi Grovier,1065
595,Alyda Pristnor,1146
596,Kare Massy,1156
597,Cookie Terbeek,1019
598,Link Morcombe,1213
599,Beniamino Shall,1080
600,Sheilakathryn Stapells,1063
601,Johannes Vicarey,1059
602,Aleda Wife,1104
603,Dilly Brignell,1105
604,Brenda Hadwen,1137
605,Delaney Dugald,1084
606,Celle Jelfs,1181
607,Morie Amorine,1008
608,Selinda Kopfer,1091
609,Alethea Penright,1137
610,Bernardine Andreaccio,1132
611,Tabbatha Thurnham,1040
612,Kain Jantot,1197
613,Gunar De Goey,1150
614,Lauretta Witch,1064
615,Renard Conkey,1198
616,Sella Roscher,1176
617,Kirsten Petofi,1108
618,Michele M'Barron,1035
619,Dante Coghlin,1061
620,Roda Kennler,1171
621,Garald Ditch,1172
622,Maryanne Yakubovics,1092
623,Josey Kellaway,1110
624,Isaac Halbord,1155
625,Bianca Bernardelli,1006
626,Danice O'Crevy,1132
627,Waylin Birks,1027
628,Luce Digwood,1021
629,Derick Weymouth,1194
630,Marga Brewers,1149
631,Hugues Rae,1163
632,Kandace Ackenson,1094
633,Kanya Wiseman,1020
634,Amye Lilion,1027
635,Timmi Jarville,1034
636,Mandy Glewe,1093
637,Lian Currington,1144
638,Justin Ginnaly,1214
639,Rusty Mee,1071
640,Stormi D'Ambrogi,1033
641,Hayward Lantiffe,1118
642,Adriane Djorvic,1068
643,Anetta Flippelli,1187
644,Niles Shrubb,1002
645,Sybyl McDill,1092
646,Denny Hupe,1226
647,Dal Fleischmann,1149
648,Shandie Frend,1090
649,Jaquith Redon,1133
650,Timmi Welman,1210
651,Gusty Darwin,1014
652,Kordula Sandcroft,1144
653,Herculie Hallwood,1070
654,Jan Aldous,1137
655,Meris Breede,1115
656,Baudoin Blankett,1117
657,Josiah Smallridge,1148
658,Margy Barron,1088
659,Amelina Pepi,1198
660,Bennie Nissle,1190
661,Kaspar Bethell,1110
662,Malia Askey,1108
663,Bruis Squibbs,1020
664,Ly Gowdie,1066
665,Dorry Ellwand,1045
666,Dede Ervine,1135
667,Hermon Klewi,1058
668,Rozanne Walton,1121
669,Jim Mattocks,1233
670,Madelina Brosoli,1200
671,Wylie Rogez,1205
672,Ruttger Outibridge,1082
673,Ajay Farries,1021
674,Chryste Hatch,1215
675,Dulciana Brownscombe,1062
676,Mari Haversum,1113
677,Maisey Batchan,1187
678,Mattie Benza,1214
679,Milton McGrotty,1234
680,Dorrie McKerron,1180
681,Stevie Dobbinson,1076
682,Sheridan Cavil,1015
683,Richmond Pearmain,1002
684,Verge De Beauchamp,1228
685,Palm Daville,1089
686,Celle McCarl,1042
687,Millie Oloshkin,1067
688,Michale Meenan,1161
689,Janifer Farmloe,1044
690,Jordon Over,1156
691,Anjela Windmill,1143
692,Marin Lithcow,1145
693,Jorey Bletsor,1067
694,Ennis Bartrap,1137
695,Tessy Scandrett,1225
696,Camey Gutowski,1004
697,Josey Stutter,1106
698,Fawne Privett,1217
699,Hobard Olrenshaw,1212
700,Bertha Richen,1231
701,Vanya Sword,1083
702,Cyrus Ielden,1109
703,Suzann Oldis,1105
704,Celie Jimes,1017
705,Gena Verdun,1077
706,Clea Farey,1131
707,Moishe Wells,1050
708,Kathleen Bromehed,1197
709,Cam Conkay,1183
710,Euell Suttell,1215
711,Chick Pigford,1206
712,Thia Knotte,1062
713,Delcine Szymanzyk,1153
714,Ingelbert Smorthit,1060
715,Letizia Noury,1118
716,Blondie Errol,1097
717,Loraine Ruffy,1141
718,Ches Pideon,1094
719,Adelaida Denley,1051
720,Ashlin Beckett,1041
721,Shandee Grimsditch,1197
722,Martica Catt,1216
723,Joy Whitham,1135
724,Delora Ajam,1061
725,Mallorie Warham,1184
726,Onfre Goodbar,1026
727,Nigel Raunds,1179
728,Ozzy Drewry,1078
729,Adolpho Glasbey,1088
730,Ronald Filisov,1141
731,Barth Bootherstone,1151
732,Marinna Epine,1128
733,Clerissa Claughton,1015
734,Stanford Akeherst,1163
735,Karleen Gantley,1011
736,Byram Happs,1197
737,Rawley Hinze,1056
738,Rhodie Hallwell,1167
739,Coraline Leyfield,1071
740,Tybi Felstead,1083
741,Vaughan Baversor,1217
742,Ricky Ikin,1219
743,Cindelyn Rivalant,1045
744,Ulrica Pardew,1023
745,Carma Fidelus,1111
746,Delphine Beazleigh,1188
747,Thorvald Trengrouse,1017
748,Herschel Henningham,1220
749,Roxanne Springthorp,1112
750,Abbi Lewis,1059
751,Kassandra Gilloran,1007
752,Debi Bothams,1158
753,Milo Gard,1175
754,Agustin Sterte,1022
755,Caspar Gibbon,1029
756,Cecilio Seiter,1089
757,Brigitte Doyland,1194
758,Donny Peregrine,1105
759,Lamar Heis,1230
760,Cheston Brentnall,1069
761,Ruddy Jacob,1121
762,Madeline Allwright,1124
763,Katy Wadhams,1233
764,Calvin Bernli,1095
765,Zarla de Voiels,1113
766,Flossy Berg,1148
767,Melany Pamment,1202
768,Linell Rickis,1085
769,Phillis Topper,1140
770,Hunter Savatier,1150
771,Neil Chessman,1230
772,Adora Todarini,1108
773,Carny Bordiss,1039
774,Fredrika Kinkaid,1102
775,Vivyan Fattorini,1194
776,Beulah Cargo,1149
777,Janette Bazell,1018
778,Ivan Lambird,1069
779,Pet Softley,1181
780,Kendal Matissoff,1208
781,Deana Tasker,1121
782,Clayborne Turbard,1182
783,Isahella Hannis,1228
784,Hanna McNelis,1119
785,Bellanca Salerg,1179
786,Kynthia Giocannoni,1139
787,Fabiano Crain,1063
788,Der Gieraths,1027
789,Yalonda Feldstern,1008
790,Edward Romme,1213
791,Jeffry Tropman,1067
792,Chlo Bote,1089
793,Cinderella MacGillicuddy,1113
794,Marcello Wixon,1174
795,Panchito Kleine,1037
796,Andree Ilsley,1134
797,Eadith Roman,1190
798,Georgiana Probert,1071
799,Cele McQuaide,1023
800,Lucho O'Deegan,1085
801,Kelbee Dodman,1160
802,Doug Blackhall,1039
803,Willy Barkley,1178
804,Brewster Bucklan,1084
805,Eric Geerits,1228
806,Saudra Keeffe,1044
807,Karrie Harris,1178
808,Pier Tullett,1198
809,Harris Bernadon,1040
810,Paulita Methuen,1234
811,Warden Yushachkov,1163
812,Colby Petican,1203
813,Elizabet Al Hirsi,1126
814,Janos Jeffress,1096
815,Clem Sharkey,1221
816,Hamish McCrystal,1133
817,Kelley Murrell,1025
818,Lew Byway,1040
819,Floyd Prince,1035
820,Ardella Pauletti,1022
821,Lotta Joslyn,1154
822,Lura Phibb,1147
823,Adams Errichelli,1115
824,Sondra Sevier,1031
825,Andriana Abade,1160
826,Sal Borrow,1226
827,Harriett Capelow,1004
828,Suzi Maypes,1137
829,Pearce Yourell,1080
830,Kevyn Hartropp,1157
831,Retha Brompton,1222
832,Vilma McCaskill,1200
833,Celinda Ramsay,1119
834,Oswald Matson,1179
835,Claude Torn,1049
836,Luz Darrel,1224
837,Lorri Richardes,1113
838,Caro Roxby,1129
839,Elli Vance,1161
840,Jonell Parlour,1102
841,Jeniffer Blanch,1094
842,Flint Giacopazzi,1047
843,Ravid Tregonna,1213
844,Artemus Coultass,1173
845,Dorelia Tribble,1117
846,Wendy Petrakov,1031
847,Hope Wilcot,1199
848,Vikky Gadsdon,1160
849,Brier Hainge,1157
850,Margarethe Coulthard,1127
851,Beverley Hassur,1135
852,Cole Titcombe,1207
853,Lindy Flohard,1206
854,Donn Lowdes,1095
855,Valerie Hevner,1096
856,Leigh Furze,1168
857,Hollis Trayhorn,1119
858,Ilse Moles,1205
859,Jo ann Pollins,1168
860,Dreddy Florey,1195
861,Broddy Whitesel,1078
862,Barret Reeve,1171
863,Willem Deacock,1190
864,Mitchel McCraw,1207
865,Leonelle Agius,1080
866,Devondra Balducci,1137
867,Mollie Precious,1163
868,Luisa Robbeke,1050
869,Lexie Moran,1082
870,Kristofor Egarr,1115
871,Zack Aliman,1197
872,Celie Grinikhin,1182
873,Wolfgang Ashley,1135
874,Purcell Dadswell,1015
875,Georgy Maddra,1232
876,Herbert Camamile,1001
877,Anatollo Heenan,1028
878,Glenna Covington,1150
879,Maxine Gozzett,1035
880,Gilles Cocozza,1129
881,Delora Withinshaw,1217
882,Ted Moorman,1233
883,Tiebold Wallworth,1077
884,Aimee Llewhellin,1110
885,Northrup Pomfrett,1064
886,Nikos Enriques,1217
887,Maxie Cobello,1212
888,Armando Cofax,1200
889,Mil Dwyr,1165
890,Merrily Masson,1044
891,Gene Gotecliffe,1005
892,Delilah Gunthorpe,1011
893,Irvin Tidbald,1229
894,Maribeth Robathon,1200
895,Dyann Yakovich,1170
896,Niven Vannozzii,1166
897,Tanhya O'Logan,1030
898,Taylor Killelea,1228
899,Elisha Zambonini,1031
900,Tabbatha Drinan,1207
901,Bald Jarry,1137
902,Hildagard Guiett,1020
903,Harmon Purselowe,1169
904,Chelsie Keiling,1195
905,Ninette Byrne,1108
906,Annnora Piburn,1176
907,Carlye Mustchin,1202
908,Rudolf Schimoni,1099
909,Cortney Jepson,1003
910,Vidovic Norval,1066
911,Laurice Bernard,1040
912,Dita Vlasenkov,1100
913,Quinton Likly,1192
914,Jessi Bracci,1156
915,Anett Crichmere,1036
916,Joline Comrie,1221
917,Roxane Heeron,1094
918,Dolf Aspenlon,1049
919,Nicol Pohling,1025
920,Hanny Walder,1164
921,Roseanna Guinnane,1055
922,Allin Crocket,1177
923,Ariadne Pearse,1214
924,Jade Witham,1012
925,Jorrie Allsupp,1216
926,Janeva Wimpeney,1177
927,Paxton Bilbie,1203
928,Ester McCrossan,1158
929,Dreddy Salsberg,1185
930,Samantha Simeons,1214
931,Ara Comiskey,1206
932,Quintina Rolfini,1023
933,Walt Bellini,1104
934,Adrianne Bainbridge,1065
935,Antons Fattorini,1149
936,Carin Botley,1099
937,Farrah Moultrie,1142
938,Augustine Ratke,1163
939,Petronia Owenson,1154
940,Myles Iacapucci,1144
941,Jewel Whifen,1154
942,Sisely Vosse,1193
943,Sheppard McGarry,1034
944,Fredi Tabbitt,1163
945,Dodi Stillgoe,1022
946,Drusy Cawthera,1014
947,Zabrina Jencken,1100
948,Ulberto Thornebarrow,1224
949,Breena Thal,1097
950,Les Hambribe,1048
951,Ewen Schimmang,1198
952,Sharon Newbigging,1082
953,Editha Paulazzi,1001
954,Alaster Smyth,1227
955,Emera Tallon,1138
956,Nerte Yeulet,1013
957,Yolane Geard,1208
958,Natala Magauran,1146
959,Forester Knight,1134
960,Allys Van Arsdall,1185
961,Sunny Kilfether,1091
962,Diann Sarll,1080
963,Becka Turbard,1110
964,Dorey Martusewicz,1135
965,Vitoria Fibben,1230
966,Todd Povall,1024
967,Dana Bulleyn,1142
968,Ameline Meiner,1006
969,Genevra Senescall,1147
970,Mychal Witcherley,1095
971,Gale Fayter,1022
972,Adrianne Budcock,1156
973,Lowe Ashelford,1049
974,Carmella Skirvin,1080
975,Darda Tegeller,1218
976,Rupert Hallgath,1142
977,Ashia Joicey,1141
978,Alyce Ronchi,1223
979,Doralynne Claricoats,1220
980,Benito Issacov,1019
981,Maisey Westfield,1172
982,Ramon Greschke,1169
983,Algernon Gillino,1015
984,Lilith Gooddie,1004
985,Sydney Whiles,1004
986,Ethyl Brigge,1096
987,Spense Orrill,1150
988,Ashia McFfaden,1023
989,Elsbeth Probey,1164
990,Juditha Hardiman,1188
991,Shea Hardwidge,1146
992,Westleigh Kryzhov,1109
993,Francisca Renforth,1122
994,Shari Labrum,1224
995,Gregorio Eborall,1129
996,Miriam Cockayme,1167
997,Avivah Ebourne,1205
998,Ramon Prangle,1188
999,Rory Cottell,1192
1000,Theodosia Bocken,1101
